ID,Gender,Nationality,Major,Level,IE1,SMSK3,RAS1,RAS2,SMSK1,SMSK4,IE2,TL1,RAS3,IE3,RAS4,RAS5,IE4,SMSK2,TL2,TL3,PSD1,PSD2,PSD3,IE5,PSD4,PSD5,IM1,IM2,IM3,IM4,IM5,IM6,W1,W2,W3,Employed,Score,Class
1,0,1,0,2,4,3,4,4,2,3,3,3,4,3,3,2,4,3,3,4,3,3,4,3,3,3,4,4,4,4,4,4,4,4,4,1,3.2,1
2,0,0,0,2,4,4,4,4,3,3,4,4,3,4,4,2,4,4,4,4,4,3,3,4,4,3,3,4,4,3,4,4,3,4,3,0,3.82,1
3,0,1,0,1,3,2,3,4,3,3,4,2,4,3,3,2,3,3,2,3,2,3,3,3,3,3,4,4,3,4,4,3,4,4,2,1,3.75,1
4,1,1,1,3,4,4,4,4,4,3,4,4,4,4,4,3,4,3,3,4,3,4,3,3,4,4,4,4,4,4,4,4,3,4,4,1,3.7,1
5,0,0,0,2,4,3,3,4,3,3,4,4,4,3,3,3,3,3,3,3,4,3,4,3,3,4,3,3,4,3,3,3,4,4,2,1,3.82,0
6,1,0,1,2,3,3,3,4,3,3,3,4,2,3,2,2,2,3,3,3,2,3,3,4,3,2,4,4,3,3,4,3,3,4,2,1,3.68,0
7,0,1,0,2,2,2,3,3,3,3,4,2,3,3,2,3,3,2,2,4,4,3,3,3,3,3,3,2,4,3,3,3,4,4,4,1,3.83,0
8,0,1,0,1,4,4,4,4,4,4,4,4,4,4,3,3,2,3,4,4,3,3,4,4,4,4,4,4,4,4,4,4,4,4,4,1,3.27,1
9,0,1,1,3,4,3,4,4,4,4,4,4,4,3,4,4,4,3,4,4,4,4,4,3,3,3,3,4,4,3,4,3,4,4,4,1,3,0
10,0,0,1,2,4,4,4,4,4,4,4,4,4,4,4,4,4,4,4,4,3,3,3,3,4,4,4,4,4,4,4,4,4,3,3,1,3.85,1
11,1,1,0,2,4,4,4,3,4,4,4,4,3,4,3,3,4,4,4,4,4,4,4,4,4,3,4,4,4,4,4,3,4,4,,1,3.89,1
12,1,1,0,2,3,2,3,4,2,3,4,3,3,4,4,3,3,4,3,3,3,3,4,3,3,3,2,3,4,3,2,3,2,3,2,1,3.35,0
13,0,1,0,2,4,4,4,4,4,3,3,3,4,4,4,4,4,3,3,2,3,4,4,4,4,4,4,4,4,4,4,4,4,4,4,1,3.55,1
14,0,0,1,2,3,3,3,3,2,2,3,3,3,3,3,3,2,1,3,3,2,2,3,3,3,3,3,2,1,3,3,3,4,3,1,1,3.25,0
15,1,0,1,2,4,4,4,4,3,3,3,3,3,3,4,2,3,4,3,3,4,4,4,4,4,4,4,4,4,3,3,4,4,4,,1,3.5,1
16,0,0,0,2,4,4,3,4,3,4,4,4,4,4,3,4,4,3,4,4,4,3,3,4,3,3,3,3,3,3,4,4,3,4,2,1,3.7,0
17,1,1,0,2,3,3,4,4,3,3,4,4,3,3,4,3,3,4,3,2,3,3,4,3,3,3,2,4,4,4,4,3,3,3,3,1,3.67,1
18,0,1,1,2,1,3,2,3,2,2,3,1,2,2,3,1,1,2,2,2,3,2,2,2,2,2,3,2,3,4,3,3,3,2,2,1,3.59,0
19,1,1,0,2,3,4,3,4,4,2,3,3,4,3,4,3,4,3,4,4,3,3,4,3,3,3,4,4,4,4,4,4,4,4,4,1,3.78,1
20,0,1,1,2,4,4,3,4,3,3,3,4,4,3,3,3,3,3,3,4,4,4,3,4,3,3,4,3,4,4,3,3,4,4,3,1,3.23,0
21,0,1,1,2,3,3,4,4,4,3,4,4,4,4,4,1,3,3,3,3,3,3,3,3,3,3,4,4,4,4,4,4,4,4,1,1,3.44,1
22,0,1,1,2,4,3,3,3,3,3,3,4,3,3,3,3,3,4,3,3,3,3,3,3,3,3,3,3,4,4,4,4,3,3,1,1,3.32,1
23,0,0,0,2,4,3,4,4,4,4,4,4,4,4,4,2,3,4,4,4,4,4,3,4,3,3,3,3,4,4,4,4,3,3,3,1,3.75,1
24,0,0,0,2,3,3,4,4,3,3,4,3,3,3,3,3,3,3,3,4,4,3,3,3,3,3,3,3,4,4,3,3,,,3,0,3.44,0
25,0,0,1,2,3,3,3,3,2,3,3,3,3,3,3,1,3,2,2,3,3,3,3,4,3,1,3,3,3,4,2,2,1,3,1,1,3.45,0
26,0,0,0,2,4,3,3,4,3,4,4,4,3,4,4,4,3,4,4,3,4,3,4,4,4,3,3,4,3,3,3,3,,,,0,3.45,0
27,1,0,1,2,4,3,4,4,3,3,4,3,4,4,3,1,4,4,3,4,4,3,2,4,4,2,3,3,4,3,4,4,4,4,2,1,4,0
28,0,0,0,1,3,3,3,3,3,3,3,3,3,3,3,3,3,3,3,3,3,3,3,3,3,3,3,3,3,3,3,3,3,4,3,1,3.77,0
29,0,1,0,2,4,3,4,4,4,4,4,4,4,4,4,3,4,4,4,4,3,4,4,4,4,4,4,4,4,4,4,4,4,4,1,1,3.85,1
30,0,0,0,1,4,3,4,4,3,3,3,3,3,3,3,3,4,4,4,4,4,4,4,4,3,3,4,4,4,4,3,4,,,,1,3.75,1
31,0,0,0,2,3,4,4,3,4,2,3,4,3,3,2,2,3,2,3,4,4,4,4,4,4,3,4,4,4,3,4,4,4,4,4,1,3.75,1
32,0,1,0,2,4,3,4,4,2,4,4,4,4,4,4,4,4,4,3,3,3,3,3,3,3,3,3,3,3,3,3,3,3,3,3,0,3.56,0
33,0,1,1,2,3,3,2,2,3,4,4,4,3,3,3,3,3,4,3,3,4,3,3,4,3,3,3,4,4,4,4,4,4,4,4,1,3.49,1
34,0,0,0,2,4,4,4,4,4,4,4,4,4,4,2,3,4,4,4,4,4,4,3,3,3,4,3,2,4,2,3,3,3,4,1,1,4,0
35,0,1,0,2,4,3,4,4,3,4,4,4,4,4,4,3,3,4,4,4,4,4,4,3,4,3,3,3,3,3,3,4,4,4,,1,3.29,0
36,1,1,0,2,4,2,3,4,3,3,3,3,3,3,3,2,4,3,3,3,3,3,3,3,3,3,3,3,3,3,3,3,3,2,,1,3.4,0
37,1,0,1,2,3,2,3,2,3,3,3,2,3,3,4,4,4,3,3,3,4,4,4,3,4,4,4,4,4,2,4,2,4,4,3,1,3.68,1
38,1,0,0,2,4,4,3,3,4,4,3,4,3,4,4,3,4,4,4,4,4,4,3,3,4,3,4,4,4,4,4,4,3,3,1,1,4,1
39,1,1,0,2,4,4,4,4,4,4,4,4,4,4,3,3,3,4,4,4,4,3,3,4,4,4,4,4,4,3,4,3,4,4,4,1,3.94,1
40,0,1,0,2,4,4,4,3,1,2,4,4,3,2,4,3,3,4,4,4,4,3,3,3,3,3,1,3,2,4,3,3,1,1,3,1,3.55,0
41,0,1,0,1,4,3,4,3,3,3,3,4,3,3,3,3,4,4,4,4,3,3,4,4,3,3,4,4,4,4,4,4,4,3,,1,3.65,1
42,0,0,0,2,3,2,3,3,2,2,3,3,2,2,2,3,3,2,3,3,3,3,3,3,2,2,3,2,3,2,3,2,3,3,3,1,3.29,0
43,0,0,0,2,3,3,4,3,2,3,3,3,4,4,4,3,4,4,4,4,4,4,4,4,4,3,4,4,4,4,4,4,3,3,1,1,3.75,1
44,0,1,1,2,3,3,3,3,3,3,3,3,3,3,3,3,3,3,3,3,4,3,3,3,3,3,4,4,3,3,3,3,,3,,1,3.7,0
45,0,1,0,2,3,3,2,4,3,3,3,3,3,3,3,3,3,3,3,3,3,3,3,3,3,3,3,3,3,3,3,3,3,3,3,1,3.89,0
46,0,0,0,2,4,3,3,3,4,3,3,4,3,3,3,1,3,3,3,3,3,3,3,3,3,3,4,4,4,4,4,4,4,4,2,1,3.18,1
47,0,1,0,1,4,3,3,3,3,3,3,4,4,4,4,3,3,3,3,3,3,3,3,3,3,3,4,4,4,4,4,4,3,3,1,1,3,1
48,0,1,1,3,4,4,4,4,3,4,4,4,4,4,4,3,4,4,4,4,4,4,4,4,4,4,4,4,4,4,4,4,3,4,3,1,3.19,1
49,1,1,1,2,4,4,4,4,3,3,4,3,4,4,3,2,4,3,4,4,4,3,3,3,3,3,3,3,4,4,3,4,4,4,1,1,3.55,0
50,1,0,1,2,3,3,4,3,3,3,2,3,4,3,4,2,4,3,3,4,3,2,2,2,3,2,3,3,3,4,3,3,3,3,1,1,3.14,0
51,1,0,0,2,4,4,4,3,4,4,4,3,3,4,3,3,4,4,3,3,3,3,3,3,3,3,4,4,4,3,3,3,4,4,4,1,3.7,0
52,1,0,1,2,4,3,3,4,3,3,4,3,4,3,4,3,3,4,3,2,3,4,4,3,2,4,4,3,2,3,2,2,3,3,,1,3.44,0
53,0,0,0,2,3,3,3,4,4,3,4,4,4,3,4,1,3,4,3,3,3,3,2,3,2,3,1,1,3,3,2,2,4,2,4,1,3.94,0
54,0,0,1,2,3,4,4,3,4,3,3,3,3,3,4,4,4,4,4,3,3,4,3,3,4,4,4,4,3,3,3,3,3,2,3,1,3.21,0
55,0,0,1,2,4,3,3,4,3,3,3,3,3,3,3,3,3,3,3,3,3,3,3,3,3,4,3,3,3,4,3,3,4,4,3,1,3.65,0
56,0,1,1,2,4,3,4,4,3,4,4,3,4,3,4,3,4,3,4,4,4,4,4,3,4,3,4,4,3,3,4,4,3,4,1,1,3.22,1
57,0,0,0,2,4,3,4,2,3,3,3,3,1,3,3,2,3,2,2,3,4,4,2,3,3,3,3,3,4,4,3,3,3,3,3,1,3.5,0
58,0,0,0,2,3,4,2,3,3,4,4,3,4,2,3,3,3,4,4,3,4,3,4,3,3,4,4,4,2,3,4,4,3,2,3,1,3.42,1
59,0,1,0,2,4,3,4,4,3,2,2,4,1,2,3,2,2,2,2,1,1,1,1,1,2,2,1,4,4,2,2,2,2,2,3,1,3.28,0
60,0,0,0,2,3,3,2,4,3,4,3,3,3,3,4,3,3,3,3,4,4,3,2,3,3,3,3,3,4,4,4,3,4,4,4,1,3.4,0
61,0,0,1,2,3,1,3,3,1,2,3,4,3,3,4,1,3,2,3,4,3,3,4,2,2,2,4,4,3,2,1,1,1,1,1,0,3.81,0
62,0,1,0,2,3,3,3,3,3,3,3,3,3,3,3,3,3,3,3,3,3,3,3,3,3,3,3,3,3,3,3,3,3,3,3,1,3.45,0
63,0,0,1,2,4,4,4,4,3,4,4,4,4,4,3,4,4,4,4,4,4,4,4,4,4,4,4,4,4,4,4,4,2,4,2,1,3.6,1
64,0,0,0,2,4,4,4,4,4,4,4,4,4,4,4,4,4,4,4,4,4,4,4,4,4,4,4,3,4,4,4,4,2,4,1,,3.67,1
65,0,0,0,2,4,2,4,2,3,4,3,4,3,3,4,3,3,4,4,4,3,3,3,3,4,3,4,4,4,4,4,4,4,3,4,1,3.75,1
66,1,0,1,2,3,3,4,3,1,2,4,1,3,3,3,2,2,3,1,1,1,1,2,3,1,1,4,1,3,3,4,3,3,2,1,1,3.75,0
67,0,0,0,2,4,3,3,3,3,4,3,3,3,3,4,3,3,3,3,3,3,3,3,3,3,3,1,3,3,2,2,2,4,4,1,0,3.06,0
68,0,0,1,2,3,1,3,1,1,2,3,4,3,2,4,3,2,3,3,3,1,3,3,1,3,3,1,1,4,3,1,3,4,1,,0,3.4,0
69,0,0,1,2,4,1,4,4,2,2,2,3,3,3,3,3,3,3,4,4,4,4,2,3,3,3,1,4,4,4,4,2,1,3,1,1,3.29,1
70,1,0,1,2,3,3,4,3,3,3,3,3,4,3,3,3,3,3,3,3,3,3,3,3,3,3,4,4,4,3,4,4,4,4,2,1,3.44,1
71,0,1,1,2,4,4,4,4,4,4,4,4,4,4,4,3,4,3,4,4,4,4,3,4,4,4,4,4,4,4,4,4,4,4,3,1,3.58,1
72,1,0,1,2,4,3,3,4,3,3,4,4,4,4,4,2,4,3,3,2,3,3,3,3,3,4,4,4,3,3,4,3,3,3,,1,3.56,0
73,1,1,0,2,3,3,3,4,4,4,4,4,4,4,4,2,3,3,2,3,4,3,4,2,4,3,4,4,4,4,4,4,2,3,4,1,3.95,1
74,0,0,1,2,3,2,3,4,2,3,3,3,4,3,4,2,3,3,3,3,2,3,3,3,3,3,2,3,3,2,3,3,3,3,2,0,3.67,0
75,1,0,1,2,4,4,4,4,3,4,4,4,4,4,4,3,4,4,4,4,4,4,3,3,4,3,4,4,3,4,4,4,4,3,3,1,3.69,1
76,0,0,1,3,3,4,3,3,3,3,4,4,3,3,3,3,3,3,3,4,4,3,3,3,3,3,4,3,3,3,3,3,,,,0,0,0
77,1,1,0,2,4,4,4,4,3,3,3,4,3,3,3,3,3,4,4,4,3,3,4,3,3,3,4,3,4,3,4,3,4,4,4,1,3.35,0
78,1,0,0,2,2,2,1,4,3,2,3,2,4,2,3,3,2,2,2,4,3,3,1,2,3,2,3,2,4,1,1,2,3,2,1,1,3.65,0
79,0,0,0,2,4,3,4,4,2,2,4,3,3,4,4,4,3,3,3,4,4,3,4,4,4,4,4,4,4,4,4,4,4,4,4,1,3.7,1
80,0,1,0,2,3,3,3,4,3,3,3,3,3,4,4,3,4,4,4,4,4,4,3,4,4,4,3,2,3,3,4,1,3,3,1,1,4,0
81,0,0,1,2,3,2,2,4,2,3,3,3,4,3,3,2,3,3,3,3,4,3,3,3,3,3,2,3,4,3,3,2,3,2,2,1,3.27,0
82,0,0,0,2,3,3,4,4,3,3,4,4,4,4,4,3,3,3,3,4,4,3,3,3,3,3,3,3,4,4,3,4,3,4,,1,3.31,0
83,0,0,1,2,3,1,3,4,1,1,3,1,4,1,4,1,4,4,1,1,4,4,1,1,1,1,1,2,3,3,1,3,,,,0,3.5,0
84,0,1,0,2,4,3,4,4,4,4,4,4,4,4,4,4,4,4,4,4,4,3,4,4,3,3,4,4,4,4,4,4,3,3,,1,3.94,1
85,0,0,1,2,2,3,3,3,2,2,3,4,3,2,3,1,3,4,4,4,3,3,3,3,3,2,3,3,3,3,2,3,1,3,3,1,3.64,0
86,1,0,1,2,3,4,1,1,3,1,1,4,4,3,4,1,3,3,3,3,3,3,2,3,3,3,4,4,4,4,4,2,3,2,1,1,3.28,1
87,0,1,0,2,4,4,3,3,3,3,4,4,3,3,4,3,3,4,3,4,4,4,3,3,3,3,4,2,3,4,4,4,3,4,3,1,3.61,1
88,1,1,0,2,3,3,4,3,3,3,3,3,3,3,4,3,3,3,3,3,4,3,3,3,3,3,3,3,2,3,3,2,4,4,,1,3.67,0
89,1,0,1,2,3,3,3,3,3,3,3,3,3,3,3,3,3,3,3,3,3,3,2,3,3,3,3,3,3,3,3,3,3,3,3,1,3.24,0
90,1,0,1,2,4,4,4,4,3,4,4,4,4,3,4,3,4,4,4,4,4,4,3,4,4,3,4,4,4,4,4,3,4,4,3,1,3.69,1
91,1,0,1,2,4,3,3,4,2,3,3,4,4,3,4,3,4,3,3,3,4,4,4,3,3,3,3,4,3,4,4,3,3,3,3,1,3.44,0
92,1,0,1,2,3,3,3,3,3,3,3,3,3,3,3,3,3,3,3,3,3,3,3,3,3,3,2,2,3,2,2,2,3,3,3,1,3.19,0
93,1,0,0,2,3,4,4,2,3,4,3,3,2,2,3,2,3,3,3,3,3,3,2,3,3,3,4,4,2,3,3,3,4,4,4,1,3.85,0
94,0,0,1,2,4,4,4,4,3,3,4,3,4,4,4,4,4,3,4,4,4,4,4,4,3,3,4,4,4,4,4,4,3,4,3,1,3.21,1
95,1,0,1,2,3,3,3,3,2,3,3,4,1,2,2,3,3,2,3,4,4,3,1,3,3,3,2,2,1,2,1,2,3,2,3,1,3.57,0
96,0,0,0,2,4,2,4,4,1,4,3,3,3,1,1,1,3,2,4,3,2,3,2,2,2,2,2,3,4,1,2,2,3,2,3,1,3.89,0
97,0,0,0,2,3,3,3,2,2,3,3,3,2,3,2,2,3,3,2,4,3,3,2,2,3,3,2,2,3,3,3,3,4,4,3,1,4,0
98,0,0,1,2,4,3,3,4,3,3,3,3,4,4,3,2,3,3,3,4,3,3,2,3,3,2,3,3,3,2,3,3,,,1,0,3.8,0
99,0,0,1,2,4,4,4,4,4,4,4,4,4,4,4,3,4,4,4,4,4,4,4,4,4,4,4,3,4,3,4,4,4,4,,1,3.76,1
100,0,0,0,2,4,2,3,3,4,4,4,4,3,3,3,3,3,3,3,4,3,3,3,3,3,2,3,4,4,3,3,3,4,3,3,1,3.6,0
101,0,0,1,2,4,3,4,3,3,4,4,4,4,3,4,3,3,2,2,3,3,3,4,3,3,4,4,4,2,3,4,3,,,,0,3.27,0
102,1,1,0,2,4,4,4,4,4,4,4,3,2,2,2,4,4,4,4,4,4,4,4,4,4,4,4,3,3,3,3,3,4,4,4,1,3.94,0
103,1,0,0,2,3,3,2,3,4,2,3,2,2,2,3,2,3,2,2,3,3,2,2,2,3,2,3,3,3,3,3,3,4,3,3,1,3.05,0
104,0,0,0,2,3,3,4,4,3,3,3,3,4,2,3,2,3,3,1,3,3,3,3,2,2,2,2,2,3,3,3,3,3,3,2,1,3.19,0
105,0,0,1,3,3,4,4,3,4,4,4,4,4,3,4,4,4,3,3,4,4,3,3,3,3,4,3,3,3,4,3,3,4,4,3,1,3.8,0
106,1,0,1,2,4,2,3,3,2,3,3,2,3,3,4,4,3,2,2,2,2,2,3,2,3,2,3,3,2,1,2,2,4,3,2,0,3.88,0
107,0,0,0,2,4,4,4,4,4,4,4,4,4,4,4,4,4,4,4,4,4,4,2,4,4,4,4,4,4,4,4,4,1,4,1,1,3.06,1
108,0,0,1,3,3,3,3,4,4,3,3,3,4,4,4,4,3,3,3,2,2,4,3,3,4,3,4,3,3,4,3,3,4,4,4,1,0,0
109,1,0,1,2,3,3,3,4,3,3,4,4,4,3,4,2,3,3,3,3,4,3,3,3,3,2,2,2,3,3,3,2,4,4,2,1,3.77,0
110,0,0,1,2,4,3,4,4,4,3,3,4,4,4,3,3,3,3,4,4,4,4,4,4,4,4,4,4,4,4,4,4,3,3,3,1,3.08,1
111,0,0,0,2,3,4,2,3,3,4,4,3,2,3,3,3,3,4,4,4,2,4,4,3,3,3,3,2,4,4,3,3,4,3,1,1,3.69,0
112,0,0,1,2,3,2,4,4,3,3,4,4,4,2,4,3,1,3,3,3,2,3,2,2,3,2,2,2,3,2,2,2,4,3,1,1,4,0
113,0,0,0,2,3,3,3,3,3,3,3,3,3,3,3,2,3,3,3,4,4,4,3,3,3,3,3,3,2,2,2,3,3,3,3,1,3.94,0
114,0,0,1,2,3,4,4,4,4,4,3,4,4,4,4,3,4,4,3,4,4,4,4,3,4,4,3,3,4,3,3,3,4,4,3,1,3.94,0
115,1,1,0,2,4,2,3,4,2,3,3,3,3,4,4,4,4,4,4,4,4,4,4,4,4,4,4,4,4,4,4,4,3,3,3,1,3.75,1
116,0,0,1,2,3,3,4,4,4,3,3,4,4,4,3,3,3,3,3,4,4,4,4,4,4,4,4,4,4,4,4,3,4,3,3,1,3.58,1
117,0,0,1,2,4,3,3,4,3,3,3,3,3,2,4,4,4,4,4,4,3,3,4,3,3,3,3,3,4,4,2,2,,,,0,3.89,0
118,0,1,1,2,3,2,3,3,2,3,3,2,3,2,4,3,2,3,2,1,3,3,3,2,2,2,3,3,4,3,3,3,2,2,3,1,3.56,0
119,1,0,0,1,3,4,4,3,4,3,3,4,4,3,3,3,3,3,4,4,3,3,4,4,3,3,3,3,4,4,4,3,3,4,4,1,3.48,0
120,0,0,0,2,3,3,3,3,3,3,3,3,3,3,3,3,3,3,3,3,3,3,3,3,3,3,3,3,3,3,3,4,4,4,1,1,3.75,0
121,0,0,1,2,3,4,4,4,3,3,3,4,4,4,4,3,3,3,3,4,4,3,3,3,3,3,3,4,4,4,4,4,4,4,,1,3.85,1
122,0,0,0,2,3,3,3,3,2,3,3,3,3,3,3,3,3,3,3,4,4,3,3,3,3,4,4,4,4,4,4,4,,,,0,3.65,1
123,1,0,0,1,4,4,3,3,4,4,3,4,4,4,4,4,3,3,3,3,4,4,4,4,4,4,4,3,3,4,4,4,4,4,4,1,3.38,1
124,1,0,0,2,4,4,4,3,3,4,4,4,4,4,3,3,4,4,4,4,4,4,4,4,4,4,4,4,3,4,4,4,3,4,3,1,3.97,1
125,1,1,0,2,3,3,3,3,2,2,3,2,1,1,1,1,2,2,2,3,3,3,3,2,3,3,4,4,4,4,4,3,3,4,3,1,3.25,1
126,0,0,0,2,3,3,2,4,3,3,2,3,2,3,1,3,2,4,4,3,4,3,3,3,2,1,3,4,4,4,3,3,4,4,2,1,3.95,0
127,0,0,1,3,4,4,4,4,4,4,4,4,4,4,4,4,4,4,4,4,4,4,4,4,4,4,4,4,4,4,4,4,4,4,4,1,4,1
128,1,0,0,2,4,4,4,4,4,4,4,4,4,4,4,3,4,4,4,4,4,4,3,4,4,4,3,4,4,4,4,4,4,4,3,1,3.6,1
129,1,0,1,3,4,3,4,4,1,3,3,4,3,4,4,1,3,1,2,4,4,4,2,4,3,4,3,3,4,4,3,3,4,1,1,1,2.61,0
130,1,0,1,3,3,4,4,4,4,3,4,4,3,3,3,3,3,4,4,4,4,4,4,4,4,3,4,4,3,3,3,3,3,4,3,1,3.06,0
131,1,0,1,2,3,2,3,3,2,3,3,4,3,2,4,2,3,3,3,3,3,3,3,2,2,3,3,4,4,3,3,3,1,1,1,1,3.71,0
132,0,0,1,2,4,4,4,4,4,4,4,4,4,4,4,4,4,4,4,4,4,4,4,4,4,4,4,4,4,4,2,4,3,4,4,1,3.92,1
133,1,0,1,2,4,4,4,4,4,4,4,4,4,4,4,4,4,4,4,4,4,4,4,4,4,4,4,4,4,4,4,4,,4,4,1,3.5,1
134,1,0,1,2,3,3,3,3,2,3,4,2,1,2,1,1,1,1,2,2,4,3,2,2,1,1,2,3,4,4,1,3,3,3,3,1,3.33,0
135,0,0,1,2,4,1,3,3,3,4,4,4,3,3,3,4,3,4,2,3,3,4,2,3,3,4,3,3,4,4,3,4,,2,,0,3.52,0
136,1,0,1,2,4,4,4,4,4,3,4,4,4,3,4,3,4,4,4,4,4,4,3,4,4,4,4,4,4,4,4,4,4,4,1,1,3.38,1
137,1,0,0,2,4,4,4,4,4,4,4,4,4,4,4,2,4,3,4,4,4,4,4,4,4,4,4,4,4,3,4,4,4,4,1,1,3.69,1
138,0,0,0,2,4,4,4,4,4,3,4,4,4,4,4,4,4,4,4,4,4,4,4,4,4,4,4,4,4,4,4,4,4,4,4,1,3.82,1
139,0,1,0,2,4,4,4,4,4,4,4,4,3,3,4,2,3,4,3,3,3,2,3,3,3,3,4,4,3,4,4,4,3,4,1,1,3.55,1
140,1,0,1,2,1,1,1,3,1,1,1,1,1,1,3,1,1,1,1,1,1,1,1,1,1,1,1,1,2,1,1,1,1,1,1,1,3.56,0
141,0,0,0,2,3,3,4,3,4,4,3,4,4,3,4,2,3,4,4,4,4,3,4,3,4,4,3,3,4,4,4,3,3,4,4,1,3.35,0
142,1,1,1,2,3,3,3,3,3,3,3,3,3,3,3,3,3,3,3,3,3,3,3,3,3,3,3,4,4,2,2,3,3,3,3,1,3.32,0
143,1,0,0,2,4,3,4,4,3,4,4,3,4,4,4,4,4,3,4,3,4,4,4,4,3,4,3,4,4,4,4,4,4,4,3,1,3.65,1
144,0,0,1,2,4,4,4,4,3,4,4,4,4,4,4,4,4,4,4,4,4,4,4,4,4,4,4,4,4,4,4,4,3,3,4,1,3.14,1
145,1,0,0,2,3,3,3,3,3,2,3,2,3,3,3,2,1,1,3,4,2,2,1,1,2,3,1,3,2,2,3,2,3,3,,1,3.75,0
146,0,1,0,2,4,4,3,3,3,3,4,4,3,4,4,3,4,4,4,4,4,4,3,3,4,3,4,3,4,2,3,2,4,4,4,1,4,0
147,1,0,1,2,4,4,4,4,4,4,4,4,4,3,4,2,3,3,4,3,3,3,3,3,3,3,3,3,4,3,3,2,4,3,1,1,3.13,0
148,0,0,1,2,4,4,4,4,4,4,4,4,4,4,4,3,4,3,3,4,4,3,4,4,4,4,3,4,4,4,4,4,4,4,3,1,3.5,1
149,0,0,1,2,4,3,4,4,4,3,4,3,4,3,3,3,3,3,4,4,4,4,3,3,3,3,3,3,3,3,3,3,3,3,,1,3.05,0
150,1,0,1,3,3,3,3,3,3,3,3,3,4,3,3,2,3,3,3,3,3,3,3,3,4,4,4,3,3,3,2,3,4,4,4,1,0,0
151,0,1,0,1,4,3,4,4,3,3,4,4,4,4,4,4,4,4,4,4,4,4,3,4,4,3,4,4,4,4,4,3,3,3,,1,3.05,1
152,0,0,0,1,4,4,4,4,3,4,4,4,4,4,4,3,4,4,4,4,4,4,4,4,4,3,4,4,4,4,4,4,3,4,,1,3.8,1
153,1,0,1,2,1,4,4,3,4,3,4,4,4,4,4,3,3,4,4,4,3,4,3,4,4,3,3,4,4,4,4,4,4,4,1,1,3.78,1
154,0,0,0,1,3,2,3,4,3,3,3,4,3,2,3,3,3,3,3,3,3,3,3,2,2,2,3,3,3,4,4,3,,,,,3.4,0
155,1,0,0,2,4,4,4,4,4,4,4,4,4,4,4,4,4,4,4,4,4,4,4,4,4,4,4,4,4,2,4,4,4,4,2,1,3.69,1
156,1,0,1,2,3,3,4,3,3,4,3,3,3,3,2,2,3,3,2,3,3,3,2,2,2,2,3,3,3,2,3,3,4,4,4,1,3.68,0
157,1,1,0,2,4,2,4,4,2,3,4,3,4,4,3,1,3,4,3,3,4,3,4,3,3,4,4,4,4,3,4,3,4,4,,1,3.89,1
158,1,0,0,2,3,3,3,3,3,2,3,3,3,3,3,2,3,3,2,3,3,3,2,3,3,3,3,3,4,3,3,3,3,2,1,1,3.71,0
159,1,0,0,1,4,4,4,4,4,4,4,4,4,4,4,4,4,4,4,4,4,4,4,4,4,4,4,4,4,4,4,4,4,4,1,1,2.93,1
160,1,0,0,1,3,3,2,3,2,3,3,4,3,3,3,2,3,2,2,3,3,3,3,4,4,2,4,3,4,4,4,4,3,4,1,1,3.73,1
161,1,0,0,2,3,3,3,3,1,2,3,3,2,3,3,1,3,3,3,3,3,3,3,3,3,1,4,4,4,4,4,4,3,3,3,1,3.54,1
162,0,0,0,2,3,3,3,3,2,3,3,3,3,3,3,3,3,2,2,3,3,2,3,2,3,3,4,3,3,3,3,3,3,2,3,1,3.55,0
163,0,0,0,2,3,3,4,3,1,2,4,4,3,3,3,3,3,3,2,3,4,4,4,3,3,3,1,1,1,1,3,1,2,3,1,1,3.96,0
164,0,0,1,2,3,3,4,4,2,2,3,3,4,3,3,3,3,3,2,3,3,3,3,2,3,3,3,4,4,4,2,1,2,2,1,1,3.17,0
165,0,0,0,1,4,4,4,4,4,4,4,4,4,4,4,4,4,4,4,4,4,4,4,4,4,4,4,4,4,4,4,4,4,4,4,1,3.27,1
166,0,0,1,2,3,4,3,4,3,2,2,3,4,1,3,2,2,3,2,4,3,3,3,3,2,2,3,4,3,3,3,2,2,3,2,1,3.81,0
167,0,0,0,2,3,3,3,2,1,2,3,3,3,3,3,1,3,3,3,3,3,3,1,3,2,3,2,2,3,3,3,1,2,3,1,1,3.92,0
168,0,1,0,2,3,3,3,3,3,3,4,4,4,3,3,1,2,3,3,4,3,2,4,3,3,3,3,3,3,3,3,2,4,4,3,1,4,0
169,0,0,1,2,4,3,4,4,3,4,4,3,4,3,4,2,4,3,3,3,3,4,3,3,3,3,3,2,3,3,3,2,3,3,1,1,3.96,0
170,1,0,1,2,4,3,4,4,4,3,4,2,4,3,4,3,4,3,3,4,3,3,3,3,3,3,3,3,3,4,2,2,2,4,3,1,4,0
171,0,0,1,2,4,4,4,4,4,4,3,3,4,3,3,4,3,3,3,4,4,4,3,3,3,3,4,4,3,4,3,4,,4,3,0,3.91,1
172,1,0,0,1,4,4,3,3,2,4,3,4,4,4,4,3,3,3,3,4,4,3,3,3,3,3,4,4,3,4,4,3,1,,1,0,3.43,1
173,1,0,0,1,3,3,3,3,3,3,3,3,3,4,4,3,4,4,3,3,4,4,3,4,3,3,4,4,4,3,3,3,4,4,2,1,3.67,0
174,1,0,0,1,3,4,3,4,4,4,4,4,4,3,4,3,3,4,3,4,4,4,4,4,4,4,4,4,4,4,4,4,4,4,2,1,3.57,1
175,0,0,1,2,3,2,3,3,3,3,3,3,3,3,3,3,3,3,3,3,3,3,3,3,3,3,3,3,3,3,3,3,3,3,3,0,3.17,0
176,1,0,1,2,4,4,4,4,4,4,4,4,4,4,4,3,4,4,4,4,4,4,4,4,4,4,4,4,4,4,4,4,4,4,4,1,3.34,1
177,1,0,0,1,4,4,3,3,4,4,4,4,4,4,4,2,4,4,4,4,4,4,4,4,4,4,4,4,4,4,4,4,4,4,4,1,3.13,1
178,0,0,0,2,3,2,3,3,2,2,3,4,2,3,3,2,3,2,3,3,3,3,3,2,3,3,2,2,4,4,2,3,4,2,3,1,3.51,0
179,1,0,0,1,4,3,4,4,4,4,4,4,4,4,4,3,4,4,3,4,4,4,4,4,4,3,4,4,4,4,4,4,4,4,3,1,3.48,1
180,0,0,0,1,4,3,4,4,4,4,4,4,4,4,3,3,4,4,4,4,4,3,4,4,4,4,4,4,4,4,4,4,4,4,4,0,3.18,1
181,0,1,0,1,3,2,3,3,3,2,2,3,4,3,4,3,3,4,4,4,4,4,4,3,3,3,4,4,4,4,4,4,4,4,2,1,3.78,1
182,1,0,0,1,3,4,4,4,3,3,3,3,4,4,3,3,4,3,3,4,4,4,3,4,4,3,3,3,4,4,4,4,4,4,4,1,3.4,1
183,0,0,0,1,3,3,3,2,2,3,3,3,2,3,2,2,3,3,3,3,3,3,3,2,3,2,3,3,4,4,3,3,,3,,0,3.97,0
184,0,0,0,1,4,3,4,3,4,3,4,3,3,4,3,2,4,3,3,3,4,3,4,3,3,2,4,4,4,4,4,3,4,4,,1,3.42,1
185,1,1,0,2,4,3,4,4,3,3,4,3,4,3,4,2,3,3,2,4,3,3,3,2,2,3,4,3,3,4,3,3,4,4,,1,3.67,0
186,0,0,0,2,4,4,4,3,4,4,4,4,4,4,3,3,4,3,4,4,4,4,3,3,3,3,4,4,4,4,3,3,4,4,4,1,3.36,1
187,0,0,0,1,4,4,4,4,4,4,4,4,4,4,4,4,4,4,4,4,4,4,4,4,4,4,4,4,4,4,4,4,4,4,4,1,3.87,1
188,1,1,0,2,3,2,3,2,3,3,3,3,3,3,3,3,3,3,3,2,3,3,3,3,3,3,2,4,4,4,3,4,4,4,,1,3.5,1
189,0,0,1,3,4,4,4,4,4,4,4,4,4,4,4,4,4,4,4,4,4,3,4,4,3,4,3,3,4,3,4,4,4,4,,1,3.51,0
190,0,0,1,3,4,4,4,4,4,4,4,4,4,4,4,4,4,4,4,4,4,4,4,4,4,4,4,4,4,4,4,4,4,3,3,1,3.51,1
191,0,0,1,3,3,4,3,3,3,3,3,2,3,3,3,3,3,2,3,3,3,3,3,3,3,3,3,3,3,3,3,4,3,3,,0,3.51,0
192,0,0,1,3,4,4,4,4,4,4,4,4,4,4,4,4,4,4,4,4,4,4,4,4,4,4,4,4,4,4,4,4,4,4,4,1,3.51,1
193,0,0,1,3,4,4,4,4,2,4,4,4,4,2,4,4,3,4,4,2,4,3,4,2,2,3,4,4,4,4,4,2,3,3,4,1,3.51,1
194,0,1,0,2,4,4,3,3,4,3,3,3,4,4,3,1,3,3,4,4,4,4,4,4,4,4,4,4,3,3,3,4,4,4,,1,3.51,0
195,1,1,0,2,4,4,4,4,3,3,4,3,4,4,4,3,3,4,4,4,3,3,4,3,3,3,4,4,4,3,4,4,4,4,1,1,3.51,1
196,1,1,0,2,3,3,4,4,2,3,3,2,3,2,3,2,3,3,3,3,3,4,2,3,2,2,4,4,3,2,3,2,2,1,1,1,3.51,0
197,0,1,0,2,3,3,3,4,4,2,3,4,4,4,4,3,4,3,4,4,4,4,3,4,4,4,3,4,4,4,4,4,4,4,1,1,3.51,1
198,1,0,1,2,4,3,3,4,3,4,4,4,3,3,4,3,4,3,3,3,3,3,4,3,3,3,3,4,4,4,3,4,4,3,,1,3.51,1
199,1,1,1,2,3,3,3,3,2,2,4,3,4,4,4,3,3,3,3,3,3,3,3,3,3,3,3,2,2,4,4,1,4,3,3,1,3.51,0
200,1,0,1,2,3,3,4,4,3,3,4,4,3,4,4,2,4,4,4,4,2,2,3,2,3,2,4,3,4,4,4,4,3,3,2,0,3.51,1
201,0,0,0,2,3,3,1,1,2,2,2,2,1,2,1,1,1,2,2,4,3,2,3,1,3,4,1,2,4,2,1,2,1,3,1,1,3.51,0
202,0,0,0,2,4,3,4,3,4,3,4,4,4,4,3,2,3,4,4,4,3,4,4,4,4,4,4,4,3,4,4,4,4,4,2,1,3.51,1
203,1,0,0,2,4,4,4,4,3,4,3,4,4,3,3,3,3,3,3,4,4,4,3,2,3,3,4,4,4,3,3,3,2,3,1,1,3.51,0
204,1,0,0,2,4,4,4,4,4,3,4,3,3,4,3,3,3,3,3,3,3,3,3,3,3,4,4,4,4,4,4,4,4,4,3,1,3.51,1
205,0,0,0,2,4,4,3,3,4,4,3,4,3,3,4,4,2,4,3,4,2,3,3,3,4,4,4,3,4,4,4,4,4,4,3,1,3.51,1
206,0,0,0,2,4,3,3,4,3,3,3,4,4,4,4,4,4,4,4,4,3,3,3,4,3,3,4,3,4,4,4,4,3,3,3,0,3.51,1
207,1,1,0,2,3,3,3,3,3,2,3,4,4,3,4,3,4,4,3,4,4,3,2,3,3,2,4,4,3,4,4,3,4,4,2,1,3.51,1
208,1,1,0,2,4,4,4,4,3,3,4,3,4,4,3,3,4,4,4,4,4,4,4,3,3,3,4,4,4,4,4,4,3,4,4,1,3.51,1
209,1,0,0,2,3,3,4,4,2,3,3,4,3,3,4,3,3,3,2,4,3,3,3,3,3,3,3,3,4,3,3,3,2,3,1,1,3.51,0
210,0,0,0,2,3,3,3,3,3,4,3,3,3,3,4,3,3,3,3,3,3,2,1,2,3,3,4,4,4,4,2,2,4,4,1,1,3.51,1
211,1,0,1,2,3,4,4,3,2,3,4,4,4,4,4,3,4,4,4,4,4,4,4,4,4,4,4,3,4,3,4,3,4,4,1,1,3.51,0
212,1,0,1,2,3,3,3,2,1,3,3,3,3,3,4,1,3,3,3,3,2,3,3,3,1,4,1,3,3,3,3,3,3,3,3,0,3.51,0
213,0,0,1,2,4,4,4,4,4,4,4,4,4,4,4,3,4,3,3,4,3,3,3,4,4,4,4,2,3,4,4,4,4,4,4,1,3.51,1
214,0,1,0,2,3,3,4,4,2,3,3,3,3,3,1,3,1,2,1,3,4,3,2,2,2,3,1,2,2,2,3,3,,,,0,3.51,0
215,1,0,1,2,4,3,4,4,2,3,4,3,4,4,4,2,4,4,3,3,4,3,3,1,2,3,4,4,4,4,3,2,1,3,,0,3.51,1
216,1,0,1,2,4,4,4,4,4,4,4,4,4,4,4,4,4,4,4,4,4,4,4,4,4,4,4,4,4,4,4,4,4,4,2,0,3.51,1
217,0,0,1,3,4,4,4,4,4,4,4,4,4,4,4,4,4,4,4,4,4,3,4,4,3,4,3,3,4,3,4,4,4,4,,1,3.51,0
218,0,0,1,3,4,4,4,4,4,4,4,4,4,4,4,4,4,4,4,4,4,4,4,4,4,4,4,4,4,4,4,4,4,3,3,1,3.51,1
219,0,0,1,3,3,4,3,3,3,3,3,2,3,3,3,3,3,2,3,3,3,3,3,3,3,3,3,3,3,3,3,4,3,3,,0,3.51,0
220,0,0,1,3,4,4,4,4,4,4,4,4,4,4,4,4,4,4,4,4,4,4,4,4,4,4,4,4,4,4,4,4,4,4,4,1,3.51,1
221,0,0,1,3,4,4,4,4,2,4,4,4,4,2,4,4,3,4,4,2,4,3,4,2,2,3,4,4,4,4,4,2,3,3,4,1,3.51,1
222,0,0,1,2,4,1,3,3,3,4,4,4,3,3,3,4,3,4,2,3,3,4,2,3,3,4,3,3,4,4,3,4,,2,,0,3.51,0
223,0,0,1,2,4,4,4,4,3,4,4,4,4,4,4,4,4,4,4,4,4,4,4,4,4,4,4,4,4,4,4,4,3,3,4,1,3.51,1
224,0,0,1,2,4,3,4,4,4,3,4,3,4,3,3,3,3,3,4,4,4,4,3,3,3,3,3,3,3,3,3,3,3,3,,1,3.51,0
225,0,0,1,2,4,4,4,4,3,4,4,4,4,4,3,4,4,4,4,4,4,4,4,4,4,4,4,4,4,4,4,4,2,4,2,1,3.51,1
226,0,1,0,2,4,3,4,4,2,3,3,3,4,3,3,2,4,3,3,4,3,3,4,3,3,3,4,4,4,4,4,4,4,4,4,1,3.51,1
227,1,1,0,2,3,2,3,4,2,3,4,3,3,4,4,3,3,4,3,3,3,3,4,3,3,3,2,3,4,3,2,3,2,3,2,1,3.51,0
228,0,1,0,2,4,3,4,4,4,4,4,4,4,4,4,3,4,4,4,4,3,4,4,4,4,4,4,4,4,4,4,4,4,4,1,1,3.51,1
229,1,1,0,2,4,2,3,4,3,3,3,3,3,3,3,2,4,3,3,3,3,3,3,3,3,3,3,3,3,3,3,3,3,2,,1,3.51,0
230,1,1,0,2,3,3,3,4,4,4,4,4,4,4,4,2,3,3,2,3,4,3,4,2,4,3,4,4,4,4,4,4,2,3,4,1,3.51,1
231,1,1,0,2,4,2,3,4,2,3,3,3,3,4,4,4,4,4,4,4,4,4,4,4,4,4,4,4,4,4,4,4,3,3,3,1,3.51,1
232,0,1,0,2,4,4,4,4,4,3,3,3,4,4,4,4,4,3,3,2,3,4,4,4,4,4,4,4,4,4,4,4,4,4,4,1,3.51,1
233,0,0,0,2,4,4,4,4,3,3,4,4,3,4,4,2,4,4,4,4,4,3,3,4,4,3,3,4,4,3,4,4,3,4,3,0,3.51,1
234,0,1,0,1,3,2,3,4,3,3,4,2,4,3,3,2,3,3,2,3,2,3,3,3,3,3,4,4,3,4,4,3,4,4,2,1,3.51,1
235,0,1,0,2,4,3,3,4,3,3,4,4,4,3,3,3,3,3,3,3,4,3,4,3,3,4,3,3,4,3,3,3,4,4,2,1,3.51,0
236,1,0,1,2,4,3,3,4,3,4,4,4,3,3,4,3,4,3,3,3,3,3,4,3,3,3,3,4,4,4,3,4,4,3,,1,3.51,1
237,1,1,1,2,3,3,3,3,2,2,4,3,4,4,4,3,3,3,3,3,3,3,3,3,3,3,3,2,2,4,4,1,4,3,3,1,3.51,0
238,1,0,1,2,3,3,4,4,3,3,4,4,3,4,4,2,4,4,4,4,2,2,3,2,3,2,4,3,4,4,4,4,3,3,2,0,3.51,1
239,0,1,1,3,4,3,4,4,4,4,4,4,4,3,4,4,4,3,4,4,4,4,4,3,3,3,3,4,4,3,4,3,4,4,4,1,3.51,0
240,1,0,1,2,4,4,4,4,3,3,3,3,3,3,4,2,3,4,3,3,4,4,4,4,4,4,4,4,4,3,3,4,4,4,,1,3.51,1
241,1,0,1,2,4,3,4,4,2,3,4,3,4,4,4,2,4,4,3,3,4,3,3,1,2,3,4,4,4,4,3,2,1,3,,0,3.51,1
242,1,0,1,2,4,4,4,4,4,4,4,4,4,4,4,4,4,4,4,4,4,4,4,4,4,4,4,4,4,4,4,4,4,4,2,0,3.51,1
243,1,1,1,3,4,4,4,4,4,3,4,4,4,4,4,3,4,3,3,4,3,4,3,3,4,4,4,4,4,4,4,4,3,4,4,1,3.51,1
244,0,1,0,2,2,2,3,3,3,3,4,2,3,3,2,3,3,2,2,4,4,3,3,3,3,3,3,2,4,3,3,3,4,4,4,1,3.51,0
245,0,1,1,2,3,3,4,4,4,3,4,4,4,4,4,1,3,3,3,3,3,3,3,3,3,3,4,4,4,4,4,4,4,4,1,1,3.51,1
246,0,1,0,2,4,4,4,3,1,2,4,4,3,2,4,3,3,4,4,4,4,3,3,3,3,3,1,3,2,4,3,3,1,1,3,1,3.51,0
247,0,1,0,2,4,4,3,3,4,3,3,3,4,4,3,1,3,3,4,4,4,4,4,4,4,4,4,4,3,3,3,4,4,4,,1,3.51,0
248,1,1,0,2,4,4,4,4,3,3,4,3,4,4,4,3,3,4,4,4,3,3,4,3,3,3,4,4,4,3,4,4,4,4,1,1,3.51,1
249,1,1,0,2,3,3,4,4,2,3,3,2,3,2,3,2,3,3,3,3,3,4,2,3,2,2,4,4,3,2,3,2,2,1,1,1,3.51,0
250,0,1,0,2,3,3,3,4,4,2,3,4,4,4,4,3,4,3,4,4,4,4,3,4,4,4,3,4,4,4,4,4,4,4,1,1,3.51,1
251,0,0,1,2,4,3,4,4,4,4,4,4,4,4,4,4,4,4,4,4,4,4,4,4,4,4,2,2,4,2,3,3,1,,1,1,3.29,0
252,0,0,1,2,4,3,4,3,3,4,4,4,4,3,4,3,4,3,3,4,3,3,4,3,4,3,3,3,3,4,3,3,,,,0,3.27,0
253,1,0,1,2,4,3,3,3,2,2,2,3,3,4,4,3,4,4,3,2,4,3,3,2,4,2,3,3,4,3,3,3,4,4,3,0,3.88,0
254,1,0,1,2,4,4,4,4,4,3,4,4,4,4,4,4,4,4,4,4,4,4,4,4,4,4,3,3,4,3,4,4,4,4,4,1,3.5,0
255,1,0,0,1,4,3,2,3,4,4,4,4,3,4,4,3,3,3,3,4,4,3,3,3,3,3,4,4,3,4,4,4,4,4,1,0,3.43,1
256,1,0,1,2,4,4,4,4,4,4,4,4,4,4,4,2,4,4,4,4,4,4,4,3,3,4,4,4,4,4,4,4,4,4,4,1,3.34,1
257,0,0,0,1,4,4,4,3,4,4,4,4,4,4,4,4,4,4,4,4,4,4,4,4,4,4,3,4,4,4,4,4,4,4,,0,3.18,1
258,0,0,0,1,3,3,3,3,3,3,3,3,3,3,3,2,3,3,3,3,3,3,3,1,3,3,3,3,3,3,3,3,,3,,0,3.97,0
259,1,0,0,2,4,4,4,4,4,4,4,4,4,4,4,2,4,3,4,4,4,4,4,4,4,4,4,4,4,3,4,4,4,4,1,1,3.51,1
260,0,1,0,2,3,3,3,4,4,3,4,4,4,3,4,1,3,4,3,3,3,3,2,3,2,3,1,1,3,3,2,2,4,2,4,1,3.51,0
